{
  "bird_0": 56.003545218052786,
  "bird_1": 68.17530452680505,
  "boxing_0": 28.11525419208144,
  "boxing_1": 27.80185088194068,
  "cat_0": 81.34650678673896,
  "cat_1": 87.91961428577528,
  "dance_0": 92.523661214451,
  "dance_1": 88.20418332902544,
  "kungfu_0": 72.52236815865174,
  "kungfu_1": 68.82523694131122,
  "running_0": 55.28184022891192,
  "running_1": 58.25227306581541,
  "singing_0": 83.24732868441762,
  "singing_1": 86.3827385672711,
  "speech_0": 29.212287810162078,
  "speech_1": 34.30939772874762,
  "surfing_0": 108.37407817369755,
  "surfing_1": 105.8199469419793,
  "train_0": 100.13443587233242,
  "train_1": 109.77697548497332
}